"habitat","rdm_mean","rdm_sd","rdm_n"
"grassland",1156.12857142857,1122.82917781769,700
"woodland",1507.70609318996,1504.95098022375,279
