"landform","rdm_mean","rdm_sd","rdm_n"
"foothills",1524.00684931507,1469.19122450259,584
"terraces",860.556962025316,663.441415153591,395
