"slope_class","rdm_mean","rdm_sd","rdm_n"
1,1134.11089866157,1281.89967806096,523
2,1275.24509803922,1055.451454186,204
3,1529.58333333333,1323.96633452335,240
4,795.833333333333,628.294348119405,12
